{
  "sessoes": {
    "sessao_1": [
      {
        "id": "CAPA",
        "TITULO": "MAPA DA PROSPERIDADE",
        "SUBTITULO": "Leitura Energética • Estratégica • Financeira",
        "ELEMENTO": "O Octógono Dourado (Símbolo de expansão em todas as direções)"
      }
    ],
    "sessao_2": [
      {
        "id": "INTRODUCAO",
        "TITULO": "BEM-VINDO AO SEU MAPA",
        "O_QUE_E": "Este documento não é apenas uma análise numerológica; é um manual de instruções para sua energia financeira. Ele combina sabedoria ancestral com estratégia prática para revelar como você opera no mundo material.",
        "COMO_INTERPRETAR": "Leia com a mente aberta. Algumas verdades podem ser desconfortáveis, pois tocam em pontos cegos. Outras trarão alívio imediato, confirmando intuições que você sempre teve.",
        "PARA_QUE_SERVE": "Para alinhar suas ações diárias com sua natureza essencial. Quando você para de lutar contra seu próprio fluxo, a prosperidade deixa de ser um esforço e se torna uma consequência.",
        "COMO_UTILIZAR": "Não tente aplicar tudo de uma vez. Escolha um \"Código de Estabilidade\" e o \"Ritual\" para praticar esta semana. Use o \"Mapa Temporal\" para agendar suas decisões importantes do mês."
      }
    ],
    "sessao_3": [
      {
        "id": "ARQUETIPO_1",
        "TITULO": "O ESTRATEGISTA DE SISTEMAS",
        "ESSENCIA": "Você possui uma mente arquitetônica natural. Sua energia não busca apenas ganhar dinheiro, mas construir estruturas que gerem valor de forma autônoma. Você vê o mundo como um conjunto de engrenagens que podem ser otimizadas.",
        "FORCAS": "Visão de longo prazo, capacidade de identificar ineficiências, frieza necessária para decisões difíceis e habilidade de escalar resultados sem aumentar proporcionalmente o esforço.",
        "FLUXO": "O dinheiro flui para você quando você cria processos, automatiza tarefas ou gerencia sistemas complexos. A venda de \"ordem\" e \"eficiência\" é sua maior fonte de riqueza.",
        "PERDA": "Você perde dinheiro quando tenta fazer tudo manualmente ou quando se perde no perfeccionismo do planejamento, adiando a execução que traria o retorno real.",
        "PADRAO": "Tendência a acumular conhecimento técnico sem aplicá-lo na velocidade necessária, criando um \"estoque de potencial\" que não vira liquidez."
      },
      {
        "id": "ARQUETIPO_2",
        "TITULO": "O GUARDIÃO DE ATIVOS",
        "ESSENCIA": "Sua natureza é conservadora no sentido mais nobre: preservar e multiplicar. Você tem um instinto natural para identificar o que tem valor duradouro. Enquanto outros buscam o lucro rápido, você busca a solidez.",
        "FORCAS": "Paciência inabalável, disciplina para aportes constantes, aversão saudável a riscos desnecessários e um \"faro\" para oportunidades subvalorizadas.",
        "FLUXO": "O dinheiro flui através da acumulação gradual, juros compostos, imóveis e investimentos de valor. Sua riqueza é construída tijolo por tijolo, mas é inabalável.",
        "PERDA": "Você perde dinheiro pela inação ou pelo medo excessivo que o impede de aproveitar ciclos de alta. A inflação é sua maior inimiga silenciosa.",
        "PADRAO": "Acumular liquidez excessiva por \"segurança\" e perder poder de compra, ou demorar tanto para decidir que a oportunidade passa."
      },
      {
        "id": "ARQUETIPO_3",
        "TITULO": "O VISIONÁRIO DE TENDÊNCIAS",
        "ESSENCIA": "Você vive no futuro. Sua mente capta sinais fracos que a maioria ignora. Sua energia é elétrica, rápida e inovadora. Você não veio para manter o status quo, mas para quebrá-lo e lucrar com os cacos.",
        "FORCAS": "Intuição afiada para o \"próximo grande negócio\", coragem para apostar no desconhecido, adaptabilidade rápida e magnetismo pessoal para vender ideias.",
        "FLUXO": "O dinheiro vem em ondas explosivas através de inovação, tecnologia, mercados emergentes ou lançamentos. Você lucra na volatilidade e na novidade.",
        "PERDA": "Você perde dinheiro quando tenta se enquadrar em rotinas estáveis ou quando se entedia com um projeto antes dele maturar financeiramente.",
        "PADRAO": "O ciclo \"Boom e Bust\" — ganhar muito dinheiro rápido e gastar ou perder na mesma velocidade em apostas erradas."
      },
      {
        "id": "ARQUETIPO_4",
        "TITULO": "O CONECTOR DE REDES",
        "ESSENCIA": "Sua moeda real não é o dinheiro, é o capital social. Você entende que negócios são feitos de pessoas. Sua energia é magnética, diplomática e envolvente. Você é a ponte entre quem tem o problema e quem tem a solução.",
        "FORCAS": "Empatia estratégica, habilidade de negociação, facilidade em abrir portas fechadas e uma rede de contatos que vale mais que ouro.",
        "FLUXO": "O dinheiro flui através de comissões, parcerias, vendas, relações públicas e qualquer atividade onde sua agenda telefônica seja seu principal ativo.",
        "PERDA": "Você perde dinheiro quando tenta trabalhar isolado ou em funções puramente técnicas que não exploram seu carisma.",
        "PADRAO": "Gastar excessivamente para manter aparências ou \"comprar\" aceitação social, confundindo networking com festas improdutivas."
      },
      {
        "id": "ARQUETIPO_5",
        "TITULO": "O OTIMIZADOR DE RECURSOS",
        "ESSENCIA": "Você tem o dom da alquimia prática: fazer mais com menos. Sua energia é focada em eficiência, margem e lucro líquido. Onde outros veem lixo, você vê insumo. Onde outros veem custo, você vê oportunidade de corte.",
        "FORCAS": "Habilidade analítica, controle de custos, criatividade na escassez e capacidade de transformar crises em oportunidades de reestruturação.",
        "FLUXO": "O dinheiro flui quando você assume a gestão de recursos, consultoria de eficiência, ou negócios de margem apertada que exigem disciplina férrea.",
        "PERDA": "Você perde dinheiro (ou deixa de ganhar) pensando pequeno demais, economizando centavos enquanto deixa passar notas de cem.",
        "PADRAO": "A \"mentalidade de escassez\" disfarçada de prudência, que impede investimentos necessários para o crescimento real."
      },
      {
        "id": "ARQUETIPO_6",
        "TITULO": "O PROVEDOR DEDICADO",
        "ESSENCIA": "Sua motivação financeira é o amor e o cuidado. Você não busca dinheiro pelo poder, mas pela segurança que ele pode dar aos seus. Sua energia é protetora, constante e leal.",
        "FORCAS": "Responsabilidade extrema, lealdade que gera confiança (e promoções), persistência e capacidade de sacrifício pelo bem maior.",
        "FLUXO": "O dinheiro flui através de carreiras estáveis, serviços essenciais, áreas da saúde, educação ou qualquer função onde a confiança seja o ativo principal.",
        "PERDA": "Você perde dinheiro ao assumir dívidas de terceiros ou ao não saber dizer \"não\" para pedidos de ajuda financeira da família.",
        "PADRAO": "Colocar as necessidades de todos à frente das suas, esquecendo de construir sua própria aposentadoria ou reserva pessoal."
      },
      {
        "id": "ARQUETIPO_7",
        "TITULO": "O HEDONISTA EXPERIENCIAL",
        "ESSENCIA": "Para você, dinheiro é apenas um voucher para experiências. Sua energia é vibrante, estética e sensorial. Você entende o valor do \"agora\" e ensina aos outros que a prosperidade deve ser sentida, não apenas acumulada.",
        "FORCAS": "Bom gosto, capacidade de identificar tendências de consumo, facilidade em criar desejo nos outros e viver com leveza.",
        "FLUXO": "O dinheiro flui em áreas ligadas a luxo, turismo, gastronomia, arte, moda e entretenimento. Você vende sensações e estilos de vida.",
        "PERDA": "Você perde dinheiro pela impulsividade e pela dificuldade crônica em adiar a gratificação. O futuro parece abstrato demais para você.",
        "PADRAO": "Viver sempre no limite do orçamento, justificando gastos excessivos com \"eu mereço\", sem construir patrimônio real."
      },
      {
        "id": "ARQUETIPO_8",
        "TITULO": "O MESTRE DA ALAVANCAGEM",
        "ESSENCIA": "Você entende intuitivamente o conceito de OPM (Other People's Money). Sua energia é audaciosa e expansiva. Você não quer ser dono da padaria, você quer ser dono da franquia global usando capital de investidores.",
        "FORCAS": "Coragem para dívidas estratégicas, visão macroeconômica, liderança natural e capacidade de suportar pressão que esmagaria outros.",
        "FLUXO": "O dinheiro flui através de fusões, aquisições, mercado financeiro, grandes empreendimentos imobiliários e negócios de escala.",
        "PERDA": "Você perde dinheiro pela arrogância ou por alavancagem excessiva que não suporta uma crise inesperada. O risco da ruína é seu companheiro.",
        "PADRAO": "Subestimar riscos e superestimar sua capacidade de controle, podendo levar a ciclos de grandes impérios e grandes falências."
      },
      {
        "id": "ARQUETIPO_9",
        "TITULO": "O ANALISTA PERFECCIONISTA",
        "ESSENCIA": "Sua relação com o dinheiro é baseada em dados, planilhas e certeza. Você não joga dados com o universo. Sua energia é meticulosa, crítica e extremamente focada na qualidade e na verdade.",
        "FORCAS": "Precisão cirúrgica, capacidade de auditoria, profundidade técnica e habilidade de encontrar erros que custariam milhões.",
        "FLUXO": "O dinheiro flui através de especialização técnica, áreas científicas, programação, direito ou qualquer campo onde o detalhe é rei.",
        "PERDA": "Você perde dinheiro pela \"paralisia por análise\". O tempo que você gasta buscando a decisão perfeita custa mais do que o erro que você tenta evitar.",
        "PADRAO": "Perder o timing do mercado por esperar todas as variáveis estarem verdes. O ótimo é inimigo do bom na sua vida financeira."
      },
      {
        "id": "ARQUETIPO_10",
        "TITULO": "O ARTESÃO DE VALOR",
        "ESSENCIA": "Você acredita no trabalho bem feito como fonte de toda riqueza. Sua energia é focada, tangível e produtiva. Você materializa ideias. O dinheiro é consequência da excelência do que você entrega.",
        "FORCAS": "Dedicação, habilidade técnica superior, foco na qualidade do produto e uma ética de trabalho inquestionável.",
        "FLUXO": "O dinheiro flui através da criação de produtos físicos, arte, engenharia, cirurgia ou qualquer ofício onde sua \"mão\" faz a diferença.",
        "PERDA": "Você perde dinheiro ao não saber precificar sua arte, cobrando pelo tempo e não pelo valor gerado, ou resistindo a escalar e delegar.",
        "PADRAO": "Trabalhar exaustivamente por menos do que merece, acreditando que \"se o trabalho for bom, o dinheiro virá\", ignorando o marketing."
      },
      {
        "id": "ARQUETIPO_11",
        "TITULO": "O EMPREENDEDOR SERIAL",
        "ESSENCIA": "Sua paixão é o início. A energia da criação, do zero ao um, é o que te move. Você se entedia com a gestão, mas brilha na fundação. O dinheiro é o placar do jogo que você adora jogar.",
        "FORCAS": "Iniciativa inesgotável, resiliência para recomeçar, criatividade para resolver problemas novos e energia de vendas.",
        "FLUXO": "O dinheiro flui na criação de novos negócios, vendas de empresas (exits), e na resolução de problemas inéditos de mercado.",
        "PERDA": "Você perde dinheiro ao abandonar projetos na fase de maturação (quando ficariam chatos, mas lucrativos) para começar algo novo e incerto.",
        "PADRAO": "Ter 10 projetos iniciados e nenhum finalizado ou lucrativo, dispersando energia e capital."
      },
      {
        "id": "ARQUETIPO_12",
        "TITULO": "O FILANTROPO ESTRATÉGICO",
        "ESSENCIA": "Você vê o dinheiro como energia de transformação social. Sua motivação transcende o pessoal. Você quer recursos para impactar causas. Paradoxalmente, quanto mais você doa, mais recebe.",
        "FORCAS": "Propósito magnético que atrai recursos e pessoas, visão sistêmica de problemas sociais e desapego que permite riscos ousados.",
        "FLUXO": "O dinheiro flui através de ONGs, fundos de impacto, liderança comunitária ou negócios sociais. O universo financia sua missão.",
        "PERDA": "Você perde dinheiro ao negligenciar suas próprias necessidades básicas em prol da causa, tornando-se um \"salvador mártir\" sem sustentabilidade.",
        "PADRAO": "Sentir culpa por ter conforto pessoal enquanto outros sofrem, o que pode levar a sabotagem inconsciente da própria riqueza."
      }
    ],
    "sessao_4": [
      {
        "id": "BLOQUEIO_1",
        "TITULO": "A FERIDA DA ESCASSEZ",
        "MANIFESTACAO": "Uma ansiedade de fundo constante, mesmo quando há dinheiro na conta. Você verifica o saldo obsessivamente ou evita olhar por medo.",
        "IMPACTO": "Você toma decisões baseadas no medo de perder, não na vontade de ganhar. Isso te faz aceitar pouco, negociar mal e perder oportunidades de investimento.",
        "RAIZ": "Provavelmente originada em momentos de privação na infância ou em ouvir repetidamente \"não temos dinheiro para isso\" de figuras de autoridade.",
        "INTERFERENCIA": "Cria um teto invisível. Assim que você acumula um pouco mais, seu inconsciente cria uma emergência para \"drenar\" o excesso e voltar ao nível conhecido de escassez."
      },
      {
        "id": "BLOQUEIO_2",
        "TITULO": "O VOTO DE POBREZA INCONSCIENTE",
        "MANIFESTACAO": "Sentimento de culpa ao gastar com luxo ou conforto. Uma voz interna que diz que é \"errado\" ter muito enquanto outros têm pouco.",
        "IMPACTO": "Autossabotagem clássica. Você perde dinheiro, faz doações excessivas ou cobra muito barato pelo seu trabalho para se manter \"humilde\".",
        "RAIZ": "Associação religiosa ou moral entre dinheiro e maldade/sujeira. \"É mais fácil um camelo passar pelo buraco de uma agulha...\"",
        "INTERFERENCIA": "Você repele a riqueza porque, no fundo, acredita que ela vai te corromper ou te afastar das pessoas que ama ou de Deus."
      },
      {
        "id": "BLOQUEIO_3",
        "TITULO": "A SÍNDROME DA FRAUDE",
        "MANIFESTACAO": "Medo constante de ser \"descoberto\". Acreditar que seu sucesso foi sorte e que você não é capaz de replicá-lo.",
        "IMPACTO": "Paralisia. Você não ousa dar o próximo passo profissional, não pede aumento e não lança seus projetos por achar que \"ainda não está pronto\".",
        "RAIZ": "Críticas excessivas na infância ou comparações constantes com irmãos/colegas mais \"talentosos\".",
        "INTERFERENCIA": "Você joga pequeno para não chamar atenção. Sua prosperidade fica limitada ao nível do seu \"disfarce\"."
      },
      {
        "id": "BLOQUEIO_4",
        "TITULO": "LEALDADE AO CLÃ",
        "MANIFESTACAO": "Desconforto em ter mais sucesso que seus pais ou irmãos. Sentir que está \"deixando-os para trás\" se enriquecer.",
        "IMPACTO": "Você inconscientemente limita seus ganhos ao teto financeiro da sua família. Se ganha mais, gasta rapidamente ou \"empresta\" sem volta.",
        "RAIZ": "Amor cego e necessidade de pertencimento. \"Se eu for rico, serei diferente deles e serei excluído\".",
        "INTERFERENCIA": "Você usa o dinheiro (ou a falta dele) como forma de manter o vínculo emocional com sua origem."
      },
      {
        "id": "BLOQUEIO_5",
        "TITULO": "A MÁSCARA DE STATUS",
        "MANIFESTACAO": "Comprar coisas que não precisa, com dinheiro que não tem, para impressionar pessoas que não importam.",
        "IMPACTO": "Endividamento crônico e falta de ativos reais. Você parece rico, mas é financeiramente frágil.",
        "RAIZ": "Baixa autoestima e necessidade de validação externa. O dinheiro é usado como um curativo para feridas de rejeição.",
        "INTERFERENCIA": "Todo seu fluxo financeiro é desviado para a \"fachada\", impedindo a construção de alicerces verdadeiros de liberdade."
      },
      {
        "id": "BLOQUEIO_6",
        "TITULO": "O CAOS COMO ESCUDO",
        "MANIFESTACAO": "Contas atrasadas por esquecimento, não saber quanto ganha nem quanto gasta, medo de planilhas.",
        "IMPACTO": "Perda de dinheiro em juros, multas e assinaturas esquecidas. Sensação de que o dinheiro \"evapora\".",
        "RAIZ": "Crença de que \"lidar com dinheiro é difícil/chato\" ou uma forma infantil de rebeldia contra regras e limites.",
        "INTERFERENCIA": "A desorganização impede a clareza. Sem clareza, não há crescimento. O universo não manda mais recursos para quem não administra o que já tem."
      },
      {
        "id": "BLOQUEIO_7",
        "TITULO": "A CEGUEIRA DO OTIMISTA",
        "MANIFESTACAO": "\"Vai dar tudo certo no final\". Investir sem reserva de emergência, assumir riscos desproporcionais, ignorar sinais de crise.",
        "IMPACTO": "Ciclos de ganhos e perdas dramáticas. Vulnerabilidade total a imprevistos.",
        "RAIZ": "Negação da realidade como mecanismo de defesa. Medo de enfrentar a dor ou a dificuldade.",
        "INTERFERENCIA": "A falta de \"chão\" impede que seus voos sejam sustentáveis. Você constrói castelos na areia."
      },
      {
        "id": "BLOQUEIO_8",
        "TITULO": "A PRISÃO DA SEGURANÇA",
        "MANIFESTACAO": "Deixar dinheiro na poupança por medo de investir. Não mudar de emprego ruim por medo do incerto.",
        "IMPACTO": "Estagnação e perda de poder de compra. Uma vida \"morna\" financeiramente, muito abaixo do potencial.",
        "RAIZ": "Necessidade excessiva de controle e medo do desconhecido.",
        "INTERFERENCIA": "O dinheiro é energia de movimento. Ao tentar \"prendê-lo\" por segurança excessiva, você mata o fluxo da prosperidade."
      },
      {
        "id": "BLOQUEIO_9",
        "TITULO": "A TERCEIRIZAÇÃO DA CULPA",
        "MANIFESTACAO": "\"A culpa é do governo, do mercado, do chefe, da crise\". Reclamação constante.",
        "IMPACTO": "Impotência. Se o problema é externo, a solução também é, e você fica esperando ser salvo.",
        "RAIZ": "Dificuldade em assumir responsabilidade adulta pela própria vida (autorresponsabilidade).",
        "INTERFERENCIA": "Você entrega seu poder pessoal para fora. Quem não tem poder, não tem prosperidade."
      }
    ],
    "sessao_5": [
      {
        "id": "CICLO_1",
        "TITULO": "FASE 1: O PLANTIO E A INICIATIVA",
        "MOMENTO": "Energia de inícios. O solo está fértil, mas vazio. É hora de arar e semear.",
        "OPORTUNIDADE": "Começar algo totalmente novo. Mudar de emprego, abrir empresa, lançar produto. A sorte favorece a audácia agora.",
        "FAZER": "Agir sozinho se necessário. Tomar a frente. Dizer \"sim\" para o novo.",
        "EVITAR": "Esperar pelos outros ou tentar manter estruturas velhas que já morreram."
      },
      {
        "id": "CICLO_2",
        "TITULO": "FASE 2: A GERMINAÇÃO E A PARCERIA",
        "MOMENTO": "O que foi plantado está criando raízes invisíveis. O tempo parece mais lento. É hora de cuidar e regar.",
        "OPORTUNIDADE": "Acordos, contratos e parcerias. O dinheiro virá através de \"quem\" você conhece, não apenas do que você faz.",
        "FAZER": "Exercitar a paciência e a diplomacia. Ouvir mais. Negociar detalhes.",
        "EVITAR": "Forçar situações ou agir com agressividade. O momento pede tato, não força."
      },
      {
        "id": "CICLO_3",
        "TITULO": "FASE 3: A EXPANSÃO E A VISIBILIDADE",
        "MOMENTO": "As primeiras folhas aparecem. Energia de crescimento, comunicação e sorte.",
        "OPORTUNIDADE": "Marketing, vendas e auto-promoção. O mundo quer te ouvir. Ótimo para lançamentos e eventos sociais.",
        "FAZER": "Aparecer. Comunicar suas ideias. Investir na sua imagem.",
        "EVITAR": "Se esconder ou focar em tarefas de bastidores. O dinheiro está no palco agora."
      },
      {
        "id": "CICLO_4",
        "TITULO": "FASE 4: A ESTRUTURAÇÃO E O TRABALHO",
        "MOMENTO": "Hora de podar e fortalecer o tronco. Energia de ordem, disciplina e construção sólida.",
        "OPORTUNIDADE": "Organizar finanças, criar processos, comprar imóveis, fazer investimentos de longo prazo.",
        "FAZER": "Trabalhar duro e com método. Colocar a casa em ordem. Focar na eficiência.",
        "EVITAR": "Riscos desnecessários, preguiça ou buscar atalhos. O sucesso vem do esforço agora."
      },
      {
        "id": "CICLO_5",
        "TITULO": "FASE 5: A MUDANÇA E A LIBERDADE",
        "MOMENTO": "Ventos de mudança sopram forte. Energia de movimento, viagens e imprevistos.",
        "OPORTUNIDADE": "Expandir horizontes, vendas, comércio, viagens de negócios. O dinheiro flui na agilidade.",
        "FAZER": "Ser flexível. Adaptar-se rápido. Experimentar coisas novas.",
        "EVITAR": "Rotinas rígidas ou contratos de longo prazo que prendam sua liberdade."
      },
      {
        "id": "CICLO_6",
        "TITULO": "FASE 6: A RESPONSABILIDADE E A HARMONIA",
        "MOMENTO": "A árvore dá flores. Energia de beleza, família e responsabilidade social.",
        "OPORTUNIDADE": "Negócios familiares, decoração, bem-estar, serviços comunitários. O dinheiro vem do servir.",
        "FAZER": "Cuidar dos clientes e da equipe como família. Melhorar o ambiente de trabalho.",
        "EVITAR": "Negligenciar problemas domésticos ou ser egoísta. A desarmonia afetará o bolso."
      },
      {
        "id": "CICLO_7",
        "TITULO": "FASE 7: A ANÁLISE E O APERFEIÇOAMENTO",
        "MOMENTO": "Pausa para respirar. Energia introspectiva, espiritual e intelectual.",
        "OPORTUNIDADE": "Especialização, cursos, consultoria estratégica. O dinheiro vem do conhecimento exclusivo.",
        "FAZER": "Estudar, planejar, meditar. Buscar qualidade extrema, não quantidade.",
        "EVITAR": "Expansão agressiva ou grandes investimentos materiais sem análise profunda."
      },
      {
        "id": "CICLO_8",
        "TITULO": "FASE 8: A COLHEITA E O PODER",
        "MOMENTO": "Os frutos estão maduros. Energia de resultado, dinheiro, poder e autoridade.",
        "OPORTUNIDADE": "Grandes negócios, gestão de grandes somas, assumir liderança. É o ano do retorno financeiro.",
        "FAZER": "Pensar grande. Agir com autoridade. Focar no lucro e na eficiência material.",
        "EVITAR": "Medo do sucesso, vitimização ou desonestidade. A justiça será implacável."
      },
      {
        "id": "CICLO_9",
        "TITULO": "FASE 9: A CONCLUSÃO E A LIMPEZA",
        "MOMENTO": "As folhas caem para o inverno. Energia de fim de ciclo, desapego e humanitarismo.",
        "OPORTUNIDADE": "Finalizar projetos, doar o que não serve, ensinar, fechar balanços.",
        "FAZER": "Limpar a vida (física e financeira). Perdoar dívidas (emocionais). Preparar o solo.",
        "EVITAR": "Começar projetos de longo prazo agora. O que começa no 9 tende a não durar."
      }
    ],
    "sessao_6": [
      {
        "id": "PERIODO_ACAO",
        "TITULO": "JANELA DE ACELERAÇÃO",
        "VISAO": "Os ventos estão a favor. A resistência do universo é mínima.",
        "MESES_FAVORAVEIS": "Foco total em execução e vendas.",
        "USO_DO_TEMPO": "Agende lançamentos, peça aumentos, faça propostas ousadas. Não deixe para depois."
      },
      {
        "id": "PERIODO_CAUTELA",
        "TITULO": "JANELA DE PRESERVAÇÃO",
        "VISAO": "Maré instável ou vazante. O foco deve ser não perder, para depois ganhar.",
        "MESES_FAVORAVEIS": "Foco em revisão, corte de custos e planejamento.",
        "USO_DO_TEMPO": "Evite assinar contratos grandes sem revisão jurídica tripla. Não faça dívidas novas."
      },
      {
        "id": "PERIODO_NEUTRO",
        "TITULO": "JANELA DE MANUTENÇÃO",
        "VISAO": "O resultado será exatamente proporcional ao esforço, sem \"empurrãozinho\" extra da sorte.",
        "MESES_FAVORAVEIS": "Foco em rotina e consistência.",
        "USO_DO_TEMPO": "Continue o plano traçado. A constância é o segredo agora."
      }
    ],
    "sessao_7": [
      {
        "id": "PERFIL_1",
        "TITULO": "PERFIL PIONEIRO",
        "FOCAR": "Inovação e Liderança.",
        "ATIVIDADES": "Empreender, liderar projetos novos, vendas agressivas.",
        "RENDA": "Lucros, bônus por performance, equity.",
        "FORTALECE": "Autonomia e desafios rápidos.",
        "DRENA": "Rotina burocrática e subordinação excessiva."
      },
      {
        "id": "PERFIL_2",
        "TITULO": "PERFIL DIPLOMATA",
        "FOCAR": "Conexão e Parceria.",
        "ATIVIDADES": "Atendimento, negociação, RH, mediação.",
        "RENDA": "Comissões recorrentes, parcerias.",
        "FORTALECE": "Trabalhar em dupla ou equipe harmoniosa.",
        "DRENA": "Ambientes competitivos tóxicos e isolamento."
      },
      {
        "id": "PERFIL_3",
        "TITULO": "PERFIL COMUNICADOR",
        "FOCAR": "Expressão e Criatividade.",
        "ATIVIDADES": "Marketing, oratória, artes, escrita.",
        "RENDA": "Royalties, cachês, vendas de infoprodutos.",
        "FORTALECE": "Liberdade de expressão e público.",
        "DRENA": "Trabalho repetitivo e silencioso."
      },
      {
        "id": "PERFIL_4",
        "TITULO": "PERFIL CONSTRUTOR",
        "FOCAR": "Ordem e Método.",
        "ATIVIDADES": "Gestão, engenharia, finanças, operações.",
        "RENDA": "Salários altos, contratos estáveis, aluguéis.",
        "FORTALECE": "Processos claros e metas tangíveis.",
        "DRENA": "Caos, improviso e instabilidade."
      },
      {
        "id": "PERFIL_5",
        "TITULO": "PERFIL EXPLORADOR",
        "FOCAR": "Movimento e Venda.",
        "ATIVIDADES": "Comércio exterior, turismo, vendas externas.",
        "RENDA": "Comissões variáveis, especulação.",
        "FORTALECE": "Variedade e liberdade geográfica.",
        "DRENA": "Horário fixo e escritório fechado."
      },
      {
        "id": "PERFIL_6",
        "TITULO": "PERFIL GUARDIÃO",
        "FOCAR": "Cuidado e Responsabilidade.",
        "ATIVIDADES": "Saúde, educação, consultoria, serviços.",
        "RENDA": "Honorários profissionais, serviços recorrentes.",
        "FORTALECE": "Sentir-se útil e ambiente acolhedor.",
        "DRENA": "Frieza corporativa e falta de propósito."
      },
      {
        "id": "PERFIL_7",
        "TITULO": "PERFIL ESPECIALISTA",
        "FOCAR": "Profundidade e Análise.",
        "ATIVIDADES": "Pesquisa, TI, ciência, estratégia.",
        "RENDA": "Consultoria especializada, propriedade intelectual.",
        "FORTALECE": "Silêncio e tempo para pensar.",
        "DRENA": "Barulho, interrupções e superficialidade."
      },
      {
        "id": "PERFIL_8",
        "TITULO": "PERFIL EXECUTIVO",
        "FOCAR": "Poder e Gestão.",
        "ATIVIDADES": "CEO, diretor, investidor, grandes negócios.",
        "RENDA": "Dividendos, participação nos lucros.",
        "FORTALECE": "Controle e grandes desafios.",
        "DRENA": "Microgerenciamento e falta de ambição ao redor."
      },
      {
        "id": "PERFIL_9",
        "TITULO": "PERFIL HUMANITÁRIO",
        "FOCAR": "Legado e Impacto.",
        "ATIVIDADES": "Terceiro setor, artes, ensino superior.",
        "RENDA": "Doações, fundos, renda passiva para liberdade.",
        "FORTALECE": "Causa nobre e visão global.",
        "DRENA": "Ganância mesquinha e falta de ética."
      }
    ],
    "sessao_8": [
      {
        "id": "CODIGO_1",
        "TITULO": "A LEI DA CLAREZA",
        "PRINCIPIO": "O dinheiro ama a precisão. Metas vagas geram resultados vagos.",
        "PILARES": "Rastreamento, Metas SMART, Visão de Futuro.",
        "MANTER": "Tenha um \"dia do dinheiro\" semanal para revisar números. O que é medido, melhora."
      },
      {
        "id": "CODIGO_2",
        "TITULO": "A LEI DO FLUXO",
        "PRINCIPIO": "Dinheiro é água. Se represar, apodrece. Se deixar vazar, seca. Precisa de canais.",
        "PILARES": "Investimento (canal de entrada), Doação (canal de saída), Desfrute (canal de vida).",
        "MANTER": "Automatize seus investimentos. Pague-se primeiro, mas circule uma parte com generosidade."
      },
      {
        "id": "CODIGO_3",
        "TITULO": "A LEI DO VALOR",
        "PRINCIPIO": "Você não é pago pelo seu tempo, mas pelo valor que entrega no tempo.",
        "PILARES": "Escala, Resolução de Problemas, Diferenciação.",
        "MANTER": "Pergunte-se todo dia: \"Como posso entregar mais valor para mais pessoas hoje?\"."
      },
      {
        "id": "CODIGO_4",
        "TITULO": "A LEI DA PROTEÇÃO",
        "PRINCIPIO": "Ganhar é ofensiva, manter é defensiva. O campeonato se ganha na defesa.",
        "PILARES": "Reserva de Emergência, Seguros, Diversificação.",
        "MANTER": "Nunca invista no que não entende. Proteja seu patrimônio da inflação e de você mesmo."
      },
      {
        "id": "CODIGO_5",
        "TITULO": "A LEI DA MENTALIDADE",
        "PRINCIPIO": "Seu patrimônio externo raramente excederá seu desenvolvimento interno.",
        "PILARES": "Educação Continuada, Networking, Inteligência Emocional.",
        "MANTER": "Invista em si mesmo (cursos, livros, mentores) como seu ativo de maior ROI."
      },
      {
        "id": "CODIGO_6",
        "TITULO": "A LEI DO AMBIENTE",
        "PRINCIPIO": "Você é a média financeira das 5 pessoas com quem mais convive.",
        "PILARES": "Curadoria de Amizades, Ambientes Prósperos, Informação de Qualidade.",
        "MANTER": "Frequente lugares onde o sucesso é normal. O ambiente vence a força de vontade."
      }
    ],
    "sessao_9": [
      {
        "id": "RITUAL_1",
        "TITULO": "O RITUAL DO NORTE MAGNÉTICO",
        "OBJETIVO": "Alinhar sua bússola interna para a clareza total.",
        "PREPARACAO": "Segunda-feira à noite. Roupa azul ou branca. Uma vela branca.",
        "PASSO_A_PASSO": "Acenda a vela. Escreva em um papel sua meta financeira principal no presente (\"Eu tenho...\"). Queime o papel na vela visualizando a meta realizada.",
        "AFIRMACAO": "\"Minha visão é clara. Meu caminho é próspero. Eu sei para onde vou.\""
      },
      {
        "id": "RITUAL_2",
        "TITULO": "O RITUAL DA SEMENTE DOURADA",
        "OBJETIVO": "Plantar a intenção de crescimento e paciência.",
        "PREPARACAO": "Quinta-feira de manhã. Roupa em tons de terra ou verde. Uma moeda e um vaso de planta.",
        "PASSO_A_PASSO": "Segure a moeda, coloque toda sua intenção de prosperidade nela. Enterre-a no vaso dizendo: \"Assim como a terra nutre, o universo multiplica\".",
        "AFIRMACAO": "\"Eu planto com fé, cultivo com amor e colho com gratidão.\""
      },
      {
        "id": "RITUAL_3",
        "TITULO": "O RITUAL DO ESPELHO SOLAR",
        "OBJETIVO": "Ativar o merecimento e a autoimagem de poder.",
        "PREPARACAO": "Domingo de manhã, ao sol. Roupa amarela ou dourada. Um espelho.",
        "PASSO_A_PASSO": "Vá para o sol. Olhe no espelho. Veja o brilho do sol refletido em você. Diga 3 qualidades suas em voz alta. Sinta o calor como ouro líquido.",
        "AFIRMACAO": "\"Eu sou digno. Eu sou ouro. Eu brilho e o mundo reflete minha luz em prosperidade.\""
      },
      {
        "id": "RITUAL_4",
        "TITULO": "O RITUAL DA ÁGUA FLUENTE",
        "OBJETIVO": "Limpar crenças limitantes e destravar o fluxo.",
        "PREPARACAO": "Sábado. Banho de chuveiro ou cachoeira. Roupa leve.",
        "PASSO_A_PASSO": "No banho, imagine a água levando embora uma lama cinza (seus medos). Veja a água ficando cristalina e dourada, preenchendo você de luz.",
        "AFIRMACAO": "\"O que é velho vai, o que é novo vem. Eu sou um canal limpo para a abundância infinita.\""
      },
      {
        "id": "RITUAL_5",
        "TITULO": "O RITUAL DA ORDEM SAGRADA",
        "OBJETIVO": "Trazer estrutura e abençoar a vida material.",
        "PREPARACAO": "Quarta-feira. Organize sua carteira/bolsa. Incenso de canela.",
        "PASSO_A_PASSO": "Tire tudo da carteira. Limpe-a. Organize as notas por valor, todas viradas para o mesmo lado. Abençoe cada nota ao guardar.",
        "AFIRMACAO": "\"Eu honro meu dinheiro e ele me honra. Há ordem na minha riqueza e riqueza na minha ordem.\""
      },
      {
        "id": "RITUAL_6",
        "TITULO": "O RITUAL DA CHAMA VIOLETA",
        "OBJETIVO": "Transmutar escassez em gratidão e multiplicação.",
        "PREPARACAO": "Sexta-feira. Uma vela roxa ou rosa. Lista de gratidão.",
        "PASSO_A_PASSO": "Escreva 3 coisas pagas nesta semana. Agradeça por ter tido o dinheiro. Leia em voz alta. Sinta a gratidão multiplicar a energia.",
        "AFIRMACAO": "\"A gratidão é a chave que abre todas as portas. Quanto mais agradeço, mais prospero.\""
      }
    ],
    "sessao_10": [
      {
        "id": "MENSAGEM_FINAL",
        "TITULO": "A CHAVE ESTÁ EM SUAS MÃOS",
        "SINTESE": "Este mapa revelou a arquitetura da sua alma financeira. Você viu suas forças (Arquétipo), seus desafios (Bloqueios) e seu momento (Ciclo).",
        "DIRECIONAMENTO": "Conhecimento sem ação é apenas entretenimento. A prosperidade real exige movimento.",
        "INTEGRACAO": "Não guarde este mapa na gaveta. Releia-o a cada mudança de estação. Ele é sua bússola."
      }
    ],
    "sessao_11": [
      {
        "id": "ENCERRAMENTO",
        "REFLEXAO": "\"O dinheiro é um excelente servo, mas um péssimo mestre.\" - P.T. Barnum. Agora você tem as ferramentas para ser o mestre.",
        "FRASE": "Sua prosperidade é inevitável quando você é fiel a quem você é.",
        "CONVITE": "Comece hoje. Um pequeno passo alinhado vale mais que uma maratona na direção errada."
      }
    ]
  }
}